feature,importance
feature_4,0.433993226288455
feature_2,0.2711599546383452
feature_3,0.24323762625793757
feature_0,0.04461679804526703
feature_1,0.006992394769995149
