feature,importance
feature_4,0.4355652170472402
feature_2,0.2636262268652991
feature_3,0.2516730595347904
feature_0,0.0435806925415791
feature_1,0.005554804011091142
