feature,importance
feature_4,0.4987903383186122
feature_2,0.2589912513078116
feature_3,0.183206037321156
feature_0,0.04995487500054143
feature_1,0.009057498051878738
