feature,importance
feature_4,0.44650170972383835
feature_2,0.26083402738335504
feature_3,0.23400123142041634
feature_0,0.05268626058896698
feature_1,0.005976770883423313
