feature,importance
feature_4,0.44158024961966386
feature_2,0.25682712688335396
feature_3,0.2399228029946517
feature_0,0.05346063208648478
feature_1,0.008209188415845682
